Ratioc,Ratiod,Mes,Anio,Tipo,Segmento,Ctes
0.220793687,,Jan,2016,Credito,Sin Segmento,1567
0.244761953,,Jan,2016,Credito,Priority,637
0.223415731,,Jan,2016,Credito,Citibanamex1,7985
0.101835715,,Jan,2016,Credito,CPC,38
0.19882186,,Jan,2016,Credito,CitiGold 1,240
0.172625731,,Jan,2016,Credito,CitiGold 2,292
0.411431168,,Jan,2016,Credito,Ingresos Bajos - Adultos,3575
0.364024649,,Jan,2016,Credito,Ingresos Bajos - Jovenes,2023
0.37315374,,Jan,2016,Credito,Ingresos Marginales,821
0.331742131,,Jan,2016,Credito,Ingresos Marginales Nomina,394
0.364377576,,Jan,2016,Credito,Ingresos Medios - Adultos,9096
0.318846313,,Jan,2016,Credito,Ingresos Medios - Jovenes,1987
0.289894513,,Jan,2016,Credito,Jovenes Profesionistas,2449
0.390278163,,Jan,2016,Credito,Jubilados No Nomina,1349
0.365494967,,Jan,2016,Credito,Jubilados Nomina,752
0.293655008,,Jan,2016,Credito,PyME PFAE,877
,0.146153328,Jan,2016,Debito,Sin Segmento,410
,0.166881717,Jan,2016,Debito,Priority,175
,0.099259683,Jan,2016,Debito,Citibanamex1,1104
,0.168031189,Jan,2016,Debito,CPC,7
,0.207299521,Jan,2016,Debito,CitiGold 1,32
,0.165004231,Jan,2016,Debito,CitiGold 2,38
,0.144072275,Jan,2016,Debito,Ingresos Bajos - Adultos,1259
,0.115358832,Jan,2016,Debito,Ingresos Bajos - Jovenes,1189
,0.165314266,Jan,2016,Debito,Ingresos Marginales,367
,0.159307715,Jan,2016,Debito,Ingresos Marginales Nomina,1065
,0.119680778,Jan,2016,Debito,Ingresos Medios - Adultos,2124
,0.104225173,Jan,2016,Debito,Ingresos Medios - Jovenes,486
,0.101035846,Jan,2016,Debito,Jovenes Profesionistas,1420
,0.203475709,Jan,2016,Debito,Jubilados No Nomina,230
,0.206377765,Jan,2016,Debito,Jubilados Nomina,691
,0.098706322,Jan,2016,Debito,PyME PFAE,154
0.17401512,,Jan,2017,Credito,Sin Segmento,1223
0.184438225,,Jan,2017,Credito,Priority,724
0.186258746,,Jan,2017,Credito,Citibanamex1,7612
0.17090693,,Jan,2017,Credito,CPC,28
0.17138721,,Jan,2017,Credito,CitiGold 1,262
0.153779692,,Jan,2017,Credito,CitiGold 2,298
0.383319891,,Jan,2017,Credito,Ingresos Bajos - Adultos,2589
0.313473725,,Jan,2017,Credito,Ingresos Bajos - Jovenes,1758
0.35748481,,Jan,2017,Credito,Ingresos Marginales,621
0.335751137,,Jan,2017,Credito,Ingresos Marginales Nomina,323
0.320818405,,Jan,2017,Credito,Ingresos Medios - Adultos,7402
0.297322588,,Jan,2017,Credito,Ingresos Medios - Jovenes,1778
0.235559612,,Jan,2017,Credito,Jovenes Profesionistas,2341
0.361315667,,Jan,2017,Credito,Jubilados No Nomina,1258
0.319765206,,Jan,2017,Credito,Jubilados Nomina,700
0.254154243,,Jan,2017,Credito,PyME PFAE,829
,0.162621405,Jan,2017,Debito,Sin Segmento,282
,0.129230091,Jan,2017,Debito,Priority,255
,0.089310729,Jan,2017,Debito,Citibanamex1,1428
,0.106622024,Jan,2017,Debito,CPC,4
,0.164483678,Jan,2017,Debito,CitiGold 1,41
,0.134153523,Jan,2017,Debito,CitiGold 2,43
,0.139094716,Jan,2017,Debito,Ingresos Bajos - Adultos,1712
,0.109709168,Jan,2017,Debito,Ingresos Bajos - Jovenes,1593
,0.169566322,Jan,2017,Debito,Ingresos Marginales,461
,0.131913397,Jan,2017,Debito,Ingresos Marginales Nomina,1286
,0.10678149,Jan,2017,Debito,Ingresos Medios - Adultos,2984
,0.0987425,Jan,2017,Debito,Ingresos Medios - Jovenes,810
,0.087365234,Jan,2017,Debito,Jovenes Profesionistas,2123
,0.196456116,Jan,2017,Debito,Jubilados No Nomina,397
,0.192498964,Jan,2017,Debito,Jubilados Nomina,917
,0.083752868,Jan,2017,Debito,PyME PFAE,214
0.211847838,,Feb,2016,Credito,Sin Segmento,1265
0.236862029,,Feb,2016,Credito,Priority,494
0.228871753,,Feb,2016,Credito,Citibanamex1,6971
0.187679559,,Feb,2016,Credito,CPC,24
0.177953179,,Feb,2016,Credito,CitiGold 1,205
0.186707637,,Feb,2016,Credito,CitiGold 2,280
0.442054292,,Feb,2016,Credito,Ingresos Bajos - Adultos,3302
0.381467152,,Feb,2016,Credito,Ingresos Bajos - Jovenes,1831
0.389864967,,Feb,2016,Credito,Ingresos Marginales,923
0.363670266,,Feb,2016,Credito,Ingresos Marginales Nomina,395
0.381373241,,Feb,2016,Credito,Ingresos Medios - Adultos,8306
0.322289853,,Feb,2016,Credito,Ingresos Medios - Jovenes,1695
0.291381771,,Feb,2016,Credito,Jovenes Profesionistas,2277
0.401802208,,Feb,2016,Credito,Jubilados No Nomina,1207
0.391593158,,Feb,2016,Credito,Jubilados Nomina,707
0.301660536,,Feb,2016,Credito,PyME PFAE,787
,0.157182882,Feb,2016,Debito,Sin Segmento,329
,0.142478629,Feb,2016,Debito,Priority,201
,0.10380256,Feb,2016,Debito,Citibanamex1,1375
,0.100237065,Feb,2016,Debito,CPC,4
,0.177221186,Feb,2016,Debito,CitiGold 1,34
,0.165204978,Feb,2016,Debito,CitiGold 2,66
,0.137300489,Feb,2016,Debito,Ingresos Bajos - Adultos,1553
,0.109310979,Feb,2016,Debito,Ingresos Bajos - Jovenes,1403
,0.167340107,Feb,2016,Debito,Ingresos Marginales,507
,0.139099127,Feb,2016,Debito,Ingresos Marginales Nomina,1165
,0.110504496,Feb,2016,Debito,Ingresos Medios - Adultos,2684
,0.091806373,Feb,2016,Debito,Ingresos Medios - Jovenes,610
,0.08979515,Feb,2016,Debito,Jovenes Profesionistas,1926
,0.163555856,Feb,2016,Debito,Jubilados No Nomina,481
,0.211384717,Feb,2016,Debito,Jubilados Nomina,884
,0.09911101,Feb,2016,Debito,PyME PFAE,165
0.190161963,,Feb,2017,Credito,Sin Segmento,499
0.164612389,,Feb,2017,Credito,Sin Segmento,253
0.157623268,,Feb,2017,Credito,Sin Segmento,299
0.178143462,,Feb,2017,Credito,Citibanamex1,2404
0.173243965,,Feb,2017,Credito,Priority,390
0.19585533,,Feb,2017,Credito,Priority,576
0.218706392,,Feb,2017,Credito,Citibanamex1,3673
0.134337314,,Feb,2017,Credito,CPC,42
0.178610117,,Feb,2017,Credito,Citibanamex1,1733
0.175581374,,Feb,2017,Credito,CitiGold 1,263
0.1737545,,Feb,2017,Credito,CitiGold 2,296
0.389134087,,Feb,2017,Credito,Ingresos Bajos - Adultos,2189
0.315619713,,Feb,2017,Credito,Ingresos Bajos - Jovenes,1520
0.368106819,,Feb,2017,Credito,Ingresos Marginales,464
0.360271398,,Feb,2017,Credito,Ingresos Marginales Nomina,221
0.30743084,,Feb,2017,Credito,Ingresos Medios - Adultos,7911
0.274259342,,Feb,2017,Credito,Ingresos Medios - Jovenes,1725
0.237231087,,Feb,2017,Credito,Jovenes Profesionistas,2177
0.372638402,,Feb,2017,Credito,Jubilados No Nomina,1111
0.372768299,,Feb,2017,Credito,Jubilados Nomina,620
0.15131576,,Feb,2017,Credito,Priority,308
0.254487591,,Feb,2017,Credito,PyME PFAE,873
,0.197807929,Feb,2017,Debito,Sin Segmento,105
,0.104741776,Feb,2017,Debito,Sin Segmento,53
,0.13436402,Feb,2017,Debito,Sin Segmento,60
,0.102499809,Feb,2017,Debito,Citibanamex1,296
,0.100072595,Feb,2017,Debito,Priority,110
,0.116931686,Feb,2017,Debito,Priority,225
,0.11738218,Feb,2017,Debito,Citibanamex1,554
,0.140064103,Feb,2017,Debito,CPC,4
,0.110954635,Feb,2017,Debito,Citibanamex1,313
,0.158997173,Feb,2017,Debito,CitiGold 1,40
,0.162201598,Feb,2017,Debito,CitiGold 2,28
,0.144785827,Feb,2017,Debito,Ingresos Bajos - Adultos,1366
,0.118716822,Feb,2017,Debito,Ingresos Bajos - Jovenes,1238
,0.181055956,Feb,2017,Debito,Ingresos Marginales,365
,0.157852658,Feb,2017,Debito,Ingresos Marginales Nomina,917
,0.126910677,Feb,2017,Debito,Ingresos Medios - Adultos,2772
,0.106160804,Feb,2017,Debito,Ingresos Medios - Jovenes,697
,0.106352077,Feb,2017,Debito,Jovenes Profesionistas,1824
,0.182810982,Feb,2017,Debito,Jubilados No Nomina,330
,0.221528032,Feb,2017,Debito,Jubilados Nomina,803
,0.115188915,Feb,2017,Debito,Priority,125
,0.097101307,Feb,2017,Debito,PyME PFAE,178
0.205391058,,Mar,2016,Credito,Sin Segmento,1143
0.206500209,,Mar,2016,Credito,Priority,532
0.20922667,,Mar,2016,Credito,Citibanamex1,7011
0.180794566,,Mar,2016,Credito,CPC,38
0.187903693,,Mar,2016,Credito,CitiGold 1,202
0.207955061,,Mar,2016,Credito,CitiGold 2,274
0.390591313,,Mar,2016,Credito,Ingresos Bajos - Adultos,3174
0.333446,,Mar,2016,Credito,Ingresos Bajos - Jovenes,1810
0.358462037,,Mar,2016,Credito,Ingresos Marginales,860
0.319657687,,Mar,2016,Credito,Ingresos Marginales Nomina,382
0.338831871,,Mar,2016,Credito,Ingresos Medios - Adultos,7963
0.304120488,,Mar,2016,Credito,Ingresos Medios - Jovenes,1668
0.263140746,,Mar,2016,Credito,Jovenes Profesionistas,2072
0.360011239,,Mar,2016,Credito,Jubilados No Nomina,1167
0.367414428,,Mar,2016,Credito,Jubilados Nomina,673
0.274758815,,Mar,2016,Credito,PyME PFAE,724
,0.194459054,Mar,2016,Debito,Sin Segmento,357
,0.157947456,Mar,2016,Debito,Priority,232
,0.104852175,Mar,2016,Debito,Citibanamex1,1663
,0.066028708,Mar,2016,Debito,CPC,3
,0.150771188,Mar,2016,Debito,CitiGold 1,43
,0.183582346,Mar,2016,Debito,CitiGold 2,53
,0.225602278,Mar,2016,Debito,Ingresos Bajos - Adultos,2497
,0.13995128,Mar,2016,Debito,Ingresos Bajos - Jovenes,1878
,0.253556161,Mar,2016,Debito,Ingresos Marginales,770
,0.154848823,Mar,2016,Debito,Ingresos Marginales Nomina,1351
,0.169502047,Mar,2016,Debito,Ingresos Medios - Adultos,4189
,0.122153515,Mar,2016,Debito,Ingresos Medios - Jovenes,874
,0.133128439,Mar,2016,Debito,Jovenes Profesionistas,2754
,0.29185676,Mar,2016,Debito,Jubilados No Nomina,618
,0.234341144,Mar,2016,Debito,Jubilados Nomina,1091
,0.102909521,Mar,2016,Debito,PyME PFAE,240
0.165731497,,Mar,2017,Credito,Sin Segmento,1131
0.11756883,,Mar,2017,Credito,CPC,42
0.184834351,,Mar,2017,Credito,Citibanamex1,6347
0.177772123,,Mar,2017,Credito,CitiGold 1,268
0.191850673,,Mar,2017,Credito,CitiGold 2,274
0.365572147,,Mar,2017,Credito,Ingresos Bajos - Adultos,2312
0.300225556,,Mar,2017,Credito,Ingresos Bajos - Jovenes,1563
0.307003514,,Mar,2017,Credito,Ingresos Marginales,482
0.325262317,,Mar,2017,Credito,Ingresos Marginales Nomina,223
0.301769663,,Mar,2017,Credito,Ingresos Medios - Adultos,7855
0.268809299,,Mar,2017,Credito,Ingresos Medios - Jovenes,1597
0.229548228,,Mar,2017,Credito,Jovenes Profesionistas,2045
0.323764999,,Mar,2017,Credito,Jubilados No Nomina,1172
0.310619951,,Mar,2017,Credito,Jubilados Nomina,645
0.184767292,,Mar,2017,Credito,Priority,1106
0.24366558,,Mar,2017,Credito,PyME PFAE,770
,0.166487925,Mar,2017,Debito,Sin Segmento,246
,0.111774892,Mar,2017,Debito,CPC,6
,0.117568641,Mar,2017,Debito,Citibanamex1,1150
,0.124907967,Mar,2017,Debito,CitiGold 1,46
,0.150010347,Mar,2017,Debito,CitiGold 2,55
,0.149855135,Mar,2017,Debito,Ingresos Bajos - Adultos,1617
,0.118948652,Mar,2017,Debito,Ingresos Bajos - Jovenes,1568
,0.150870394,Mar,2017,Debito,Ingresos Marginales,449
,0.144558454,Mar,2017,Debito,Ingresos Marginales Nomina,1001
,0.109055148,Mar,2017,Debito,Ingresos Medios - Adultos,3304
,0.088666741,Mar,2017,Debito,Ingresos Medios - Jovenes,838
,0.092618482,Mar,2017,Debito,Jovenes Profesionistas,2002
,0.181078224,Mar,2017,Debito,Jubilados No Nomina,413
,0.181369123,Mar,2017,Debito,Jubilados Nomina,917
,0.115316254,Mar,2017,Debito,Priority,444
,0.077528988,Mar,2017,Debito,PyME PFAE,226
0.199029468,,Apr,2016,Credito,Sin Segmento,1279
0.241441473,,Apr,2016,Credito,Priority,603
0.211981857,,Apr,2016,Credito,Citibanamex1,7399
0.171804178,,Apr,2016,Credito,CPC,29
0.203055221,,Apr,2016,Credito,CitiGold 1,246
0.254034201,,Apr,2016,Credito,CitiGold 2,294
0.400228339,,Apr,2016,Credito,Ingresos Bajos - Adultos,3279
0.362952033,,Apr,2016,Credito,Ingresos Bajos - Jovenes,2049
0.382015889,,Apr,2016,Credito,Ingresos Marginales,863
0.341088872,,Apr,2016,Credito,Ingresos Marginales Nomina,366
0.363761405,,Apr,2016,Credito,Ingresos Medios - Adultos,8573
0.30705409,,Apr,2016,Credito,Ingresos Medios - Jovenes,1855
0.283955194,,Apr,2016,Credito,Jovenes Profesionistas,2396
0.376956286,,Apr,2016,Credito,Jubilados No Nomina,1310
0.354994789,,Apr,2016,Credito,Jubilados Nomina,758
0.292662564,,Apr,2016,Credito,PyME PFAE,840
,0.233529542,Apr,2016,Debito,Sin Segmento,564
,0.177709966,Apr,2016,Debito,Priority,268
,0.124803556,Apr,2016,Debito,Citibanamex1,1850
,0.092445055,Apr,2016,Debito,CPC,4
,0.192335387,Apr,2016,Debito,CitiGold 1,43
,0.161055478,Apr,2016,Debito,CitiGold 2,70
,0.343754853,Apr,2016,Debito,Ingresos Bajos - Adultos,5815
,0.176406566,Apr,2016,Debito,Ingresos Bajos - Jovenes,2501
,0.359611232,Apr,2016,Debito,Ingresos Marginales,1637
,0.191625878,Apr,2016,Debito,Ingresos Marginales Nomina,1802
,0.232961507,Apr,2016,Debito,Ingresos Medios - Adultos,7353
,0.154779086,Apr,2016,Debito,Ingresos Medios - Jovenes,1240
,0.177434695,Apr,2016,Debito,Jovenes Profesionistas,3857
,0.375982123,Apr,2016,Debito,Jubilados No Nomina,1208
,0.249919659,Apr,2016,Debito,Jubilados Nomina,1490
,0.155327036,Apr,2016,Debito,PyME PFAE,353
0.156914289,,Apr,2017,Credito,Sin Segmento,1003
0.124222972,,Apr,2017,Credito,CPC,28
0.18059457,,Apr,2017,Credito,Citibanamex1,6127
0.175878235,,Apr,2017,Credito,CitiGold 1,266
0.142614582,,Apr,2017,Credito,CitiGold 2,279
0.351107077,,Apr,2017,Credito,Ingresos Bajos - Adultos,1948
0.28260154,,Apr,2017,Credito,Ingresos Bajos - Jovenes,1442
0.325484315,,Apr,2017,Credito,Ingresos Marginales,437
0.27445165,,Apr,2017,Credito,Ingresos Marginales Nomina,231
0.279767287,,Apr,2017,Credito,Ingresos Medios - Adultos,7300
0.261259613,,Apr,2017,Credito,Ingresos Medios - Jovenes,1497
0.224849735,,Apr,2017,Credito,Jovenes Profesionistas,2004
0.324979199,,Apr,2017,Credito,Jubilados No Nomina,1094
0.348921723,,Apr,2017,Credito,Jubilados Nomina,544
0.176030944,,Apr,2017,Credito,Priority,1130
0.240540425,,Apr,2017,Credito,PyME PFAE,804
,0.13925359,Apr,2017,Debito,Sin Segmento,356
,0.224116162,Apr,2017,Debito,CPC,4
,0.121056135,Apr,2017,Debito,Citibanamex1,1006
,0.138860127,Apr,2017,Debito,CitiGold 1,39
,0.166805409,Apr,2017,Debito,CitiGold 2,39
,0.164872319,Apr,2017,Debito,Ingresos Bajos - Adultos,1480
,0.120460565,Apr,2017,Debito,Ingresos Bajos - Jovenes,1463
,0.159557403,Apr,2017,Debito,Ingresos Marginales,432
,0.14330148,Apr,2017,Debito,Ingresos Marginales Nomina,1024
,0.119060178,Apr,2017,Debito,Ingresos Medios - Adultos,3239
,0.10265952,Apr,2017,Debito,Ingresos Medios - Jovenes,771
,0.105820217,Apr,2017,Debito,Jovenes Profesionistas,1868
,0.20170286,Apr,2017,Debito,Jubilados No Nomina,377
,0.209734652,Apr,2017,Debito,Jubilados Nomina,825
,0.128511428,Apr,2017,Debito,Priority,387
,0.094762591,Apr,2017,Debito,PyME PFAE,196
0.197084031,,May,2016,Credito,Sin Segmento,1546
0.226508981,,May,2016,Credito,Priority,663
0.205828403,,May,2016,Credito,Citibanamex1,8130
0.134164248,,May,2016,Credito,CPC,45
0.164046268,,May,2016,Credito,CitiGold 1,237
0.20446844,,May,2016,Credito,CitiGold 2,315
0.391241981,,May,2016,Credito,Ingresos Bajos - Adultos,3440
0.33238824,,May,2016,Credito,Ingresos Bajos - Jovenes,2172
0.357069176,,May,2016,Credito,Ingresos Marginales,869
0.313526024,,May,2016,Credito,Ingresos Marginales Nomina,404
0.344920116,,May,2016,Credito,Ingresos Medios - Adultos,9142
0.308444303,,May,2016,Credito,Ingresos Medios - Jovenes,2047
0.244062611,,May,2016,Credito,Jovenes Profesionistas,2664
0.378172442,,May,2016,Credito,Jubilados No Nomina,1486
0.337501616,,May,2016,Credito,Jubilados Nomina,843
0.276315403,,May,2016,Credito,PyME PFAE,836
,0.161030893,May,2016,Debito,Sin Segmento,561
,0.126571441,May,2016,Debito,Priority,250
,0.09545291,May,2016,Debito,Citibanamex1,1580
,0.100713012,May,2016,Debito,CPC,4
,0.190455126,May,2016,Debito,CitiGold 1,53
,0.130812419,May,2016,Debito,CitiGold 2,61
,0.304919054,May,2016,Debito,Ingresos Bajos - Adultos,4024
,0.126597308,May,2016,Debito,Ingresos Bajos - Jovenes,1808
,0.314486709,May,2016,Debito,Ingresos Marginales,1161
,0.144772226,May,2016,Debito,Ingresos Marginales Nomina,1442
,0.18810632,May,2016,Debito,Ingresos Medios - Adultos,4410
,0.107163949,May,2016,Debito,Ingresos Medios - Jovenes,753
,0.116965141,May,2016,Debito,Jovenes Profesionistas,2171
,0.340956552,May,2016,Debito,Jubilados No Nomina,956
,0.245092881,May,2016,Debito,Jubilados Nomina,1197
,0.109882655,May,2016,Debito,PyME PFAE,230
0.160197147,,May,2017,Credito,Sin Segmento,1222
0.095099103,,May,2017,Credito,CPC,24
0.1859097,,May,2017,Credito,Citibanamex1,6560
0.164247647,,May,2017,Credito,CitiGold 1,273
0.156749368,,May,2017,Credito,CitiGold 2,292
0.375430598,,May,2017,Credito,Ingresos Bajos - Adultos,2496
0.295612722,,May,2017,Credito,Ingresos Bajos - Jovenes,1788
0.323613272,,May,2017,Credito,Ingresos Marginales,493
0.284436068,,May,2017,Credito,Ingresos Marginales Nomina,231
0.287696077,,May,2017,Credito,Ingresos Medios - Adultos,8614
0.272783705,,May,2017,Credito,Ingresos Medios - Jovenes,1727
0.231931523,,May,2017,Credito,Jovenes Profesionistas,2161
0.316042165,,May,2017,Credito,Jubilados No Nomina,1324
0.333034743,,May,2017,Credito,Jubilados Nomina,708
0.171606761,,May,2017,Credito,Priority,1221
0.243001775,,May,2017,Credito,PyME PFAE,851
,0.164768288,May,2017,Debito,Sin Segmento,278
,0.142857143,May,2017,Debito,CPC,2
,0.094784742,May,2017,Debito,Citibanamex1,1158
,0.067744414,May,2017,Debito,CitiGold 1,40
,0.114527814,May,2017,Debito,CitiGold 2,42
,0.127242394,May,2017,Debito,Ingresos Bajos - Adultos,1677
,0.098000914,May,2017,Debito,Ingresos Bajos - Jovenes,1631
,0.13066344,May,2017,Debito,Ingresos Marginales,460
,0.120897439,May,2017,Debito,Ingresos Marginales Nomina,1167
,0.097799629,May,2017,Debito,Ingresos Medios - Adultos,3496
,0.087029542,May,2017,Debito,Ingresos Medios - Jovenes,903
,0.083278831,May,2017,Debito,Jovenes Profesionistas,2100
,0.168032175,May,2017,Debito,Jubilados No Nomina,384
,0.190551425,May,2017,Debito,Jubilados Nomina,999
,0.114328075,May,2017,Debito,Priority,420
,0.083012104,May,2017,Debito,PyME PFAE,239
0.199013213,,Jun,2016,Credito,Sin Segmento,1330
0.216224464,,Jun,2016,Credito,Priority,582
0.205923165,,Jun,2016,Credito,Citibanamex1,6674
0.120878681,,Jun,2016,Credito,CPC,26
0.192650761,,Jun,2016,Credito,CitiGold 1,214
0.198722264,,Jun,2016,Credito,CitiGold 2,234
0.388120106,,Jun,2016,Credito,Ingresos Bajos - Adultos,2807
0.324122847,,Jun,2016,Credito,Ingresos Bajos - Jovenes,1719
0.34953401,,Jun,2016,Credito,Ingresos Marginales,698
0.314195066,,Jun,2016,Credito,Ingresos Marginales Nomina,342
0.346922004,,Jun,2016,Credito,Ingresos Medios - Adultos,7554
0.297263465,,Jun,2016,Credito,Ingresos Medios - Jovenes,1663
0.256964367,,Jun,2016,Credito,Jovenes Profesionistas,2105
0.346638361,,Jun,2016,Credito,Jubilados No Nomina,1260
0.349903904,,Jun,2016,Credito,Jubilados Nomina,691
0.251758177,,Jun,2016,Credito,PyME PFAE,746
,0.175627599,Jun,2016,Debito,Sin Segmento,378
,0.153261346,Jun,2016,Debito,Priority,246
,0.09610314,Jun,2016,Debito,Citibanamex1,1659
,0.042544757,Jun,2016,Debito,CPC,3
,0.108453437,Jun,2016,Debito,CitiGold 1,43
,0.135334393,Jun,2016,Debito,CitiGold 2,62
,0.220542279,Jun,2016,Debito,Ingresos Bajos - Adultos,2694
,0.119311182,Jun,2016,Debito,Ingresos Bajos - Jovenes,1786
,0.232556808,Jun,2016,Debito,Ingresos Marginales,819
,0.148710686,Jun,2016,Debito,Ingresos Marginales Nomina,1545
,0.146889993,Jun,2016,Debito,Ingresos Medios - Adultos,3880
,0.106032232,Jun,2016,Debito,Ingresos Medios - Jovenes,782
,0.102593908,Jun,2016,Debito,Jovenes Profesionistas,2118
,0.26878143,Jun,2016,Debito,Jubilados No Nomina,636
,0.235755791,Jun,2016,Debito,Jubilados Nomina,1142
,0.081722423,Jun,2016,Debito,PyME PFAE,222
0.161201432,,Jun,2017,Credito,Sin Segmento,1222
0.146509239,,Jun,2017,Credito,CPC,36
0.185665699,,Jun,2017,Credito,Citibanamex1,7613
0.197915799,,Jun,2017,Credito,CitiGold 1,420
0.180993105,,Jun,2017,Credito,CitiGold 2,307
0.349400366,,Jun,2017,Credito,Ingresos Bajos - Adultos,2540
0.294521574,,Jun,2017,Credito,Ingresos Bajos - Jovenes,1920
0.307364326,,Jun,2017,Credito,Ingresos Marginales,524
0.301843035,,Jun,2017,Credito,Ingresos Marginales Nomina,254
0.285181095,,Jun,2017,Credito,Ingresos Medios - Adultos,8991
0.276605852,,Jun,2017,Credito,Ingresos Medios - Jovenes,1851
0.226201243,,Jun,2017,Credito,Jovenes Profesionistas,2372
0.333451826,,Jun,2017,Credito,Jubilados No Nomina,1338
0.314664374,,Jun,2017,Credito,Jubilados Nomina,728
0.168336767,,Jun,2017,Credito,Priority,1470
0.233703856,,Jun,2017,Credito,PyME PFAE,944
,0.171596489,Jun,2017,Debito,Sin Segmento,394
,0.262310606,Jun,2017,Debito,CPC,4
,0.112285481,Jun,2017,Debito,Citibanamex1,1241
,0.204764911,Jun,2017,Debito,CitiGold 1,53
,0.193384111,Jun,2017,Debito,CitiGold 2,58
,0.144354807,Jun,2017,Debito,Ingresos Bajos - Adultos,1777
,0.103746375,Jun,2017,Debito,Ingresos Bajos - Jovenes,1828
,0.146840483,Jun,2017,Debito,Ingresos Marginales,570
,0.126335861,Jun,2017,Debito,Ingresos Marginales Nomina,1231
,0.107863933,Jun,2017,Debito,Ingresos Medios - Adultos,3805
,0.097787822,Jun,2017,Debito,Ingresos Medios - Jovenes,1016
,0.094362577,Jun,2017,Debito,Jovenes Profesionistas,2302
,0.172647949,Jun,2017,Debito,Jubilados No Nomina,386
,0.191760848,Jun,2017,Debito,Jubilados Nomina,974
,0.14822757,Jun,2017,Debito,Priority,574
,0.071117626,Jun,2017,Debito,PyME PFAE,239
0.19484009,,Jul,2016,Credito,Sin Segmento,1144
0.198807043,,Jul,2016,Credito,Priority,554
0.190726589,,Jul,2016,Credito,Citibanamex1,6165
0.152210394,,Jul,2016,Credito,CPC,20
0.175865102,,Jul,2016,Credito,CitiGold 1,189
0.186613159,,Jul,2016,Credito,CitiGold 2,243
0.375734018,,Jul,2016,Credito,Ingresos Bajos - Adultos,2527
0.312588136,,Jul,2016,Credito,Ingresos Bajos - Jovenes,1523
0.334107169,,Jul,2016,Credito,Ingresos Marginales,644
0.291047245,,Jul,2016,Credito,Ingresos Marginales Nomina,273
0.333774387,,Jul,2016,Credito,Ingresos Medios - Adultos,6907
0.28967515,,Jul,2016,Credito,Ingresos Medios - Jovenes,1401
0.226628473,,Jul,2016,Credito,Jovenes Profesionistas,1805
0.349014396,,Jul,2016,Credito,Jubilados No Nomina,1191
0.342308671,,Jul,2016,Credito,Jubilados Nomina,628
0.265530552,,Jul,2016,Credito,PyME PFAE,693
,0.173478524,Jul,2016,Debito,Sin Segmento,412
,0.131783451,Jul,2016,Debito,Priority,360
,0.088398401,Jul,2016,Debito,Citibanamex1,1893
,0.063745436,Jul,2016,Debito,CPC,7
,0.151359612,Jul,2016,Debito,CitiGold 1,43
,0.109542326,Jul,2016,Debito,CitiGold 2,69
,0.160881248,Jul,2016,Debito,Ingresos Bajos - Adultos,2303
,0.125582827,Jul,2016,Debito,Ingresos Bajos - Jovenes,1686
,0.17114586,Jul,2016,Debito,Ingresos Marginales,650
,0.160128446,Jul,2016,Debito,Ingresos Marginales Nomina,1447
,0.113715939,Jul,2016,Debito,Ingresos Medios - Adultos,4136
,0.104961714,Jul,2016,Debito,Ingresos Medios - Jovenes,822
,0.097319086,Jul,2016,Debito,Jovenes Profesionistas,2289
,0.19519485,Jul,2016,Debito,Jubilados No Nomina,519
,0.188497272,Jul,2016,Debito,Jubilados Nomina,1125
,0.07935313,Jul,2016,Debito,PyME PFAE,246
0.160563007,,Jul,2017,Credito,Sin Segmento,1165
0.082281497,,Jul,2017,Credito,CPC,31
0.19487676,,Jul,2017,Credito,Citibanamex1,8085
0.16882221,,Jul,2017,Credito,CitiGold 1,288
0.184562157,,Jul,2017,Credito,CitiGold 2,280
0.34466097,,Jul,2017,Credito,Ingresos Bajos - Adultos,2637
0.279332398,,Jul,2017,Credito,Ingresos Bajos - Jovenes,1899
0.301619311,,Jul,2017,Credito,Ingresos Marginales,480
0.298832989,,Jul,2017,Credito,Ingresos Marginales Nomina,244
0.286760811,,Jul,2017,Credito,Ingresos Medios - Adultos,9082
0.268939844,,Jul,2017,Credito,Ingresos Medios - Jovenes,1865
0.221827022,,Jul,2017,Credito,Jovenes Profesionistas,2400
0.352338388,,Jul,2017,Credito,Jubilados No Nomina,1321
0.315366198,,Jul,2017,Credito,Jubilados Nomina,705
0.179200312,,Jul,2017,Credito,Priority,1565
0.246837578,,Jul,2017,Credito,PyME PFAE,968
,0.144008,Jul,2017,Debito,Sin Segmento,369
,0.142857143,Jul,2017,Debito,CPC,1
,0.058146503,Jul,2017,Debito,Citibanamex1,1452
,0.163292784,Jul,2017,Debito,CitiGold 1,52
,0.098210035,Jul,2017,Debito,CitiGold 2,56
,0.081891984,Jul,2017,Debito,Ingresos Bajos - Adultos,1801
,0.070398202,Jul,2017,Debito,Ingresos Bajos - Jovenes,1870
,0.107441998,Jul,2017,Debito,Ingresos Marginales,450
,0.09096161,Jul,2017,Debito,Ingresos Marginales Nomina,1249
,0.060514509,Jul,2017,Debito,Ingresos Medios - Adultos,3786
,0.053956129,Jul,2017,Debito,Ingresos Medios - Jovenes,1084
,0.04931314,Jul,2017,Debito,Jovenes Profesionistas,2370
,0.101180946,Jul,2017,Debito,Jubilados No Nomina,402
,0.108806652,Jul,2017,Debito,Jubilados Nomina,981
,0.082699275,Jul,2017,Debito,Priority,542
,0.052365439,Jul,2017,Debito,PyME PFAE,269
0.162675412,,Aug,2016,Credito,Sin Segmento,537
,,Aug,2016,Credito,Sin Segmento,1
0.207361541,,Aug,2016,Credito,Sin Segmento,605
0.140486124,,Aug,2016,Credito,Sin Segmento,63
0.189825838,,Aug,2016,Credito,Sin Segmento,18
0.191228283,,Aug,2016,Credito,Sin Segmento,17
0.2174572,,Aug,2016,Credito,Sin Segmento,27
0.164326403,,Aug,2016,Credito,Sin Segmento,356
0.246257369,,Aug,2016,Credito,Sin Segmento,83
0.285361051,,Aug,2016,Credito,Sin Segmento,432
0.181432068,,Aug,2016,Credito,Sin Segmento,102
0.363250526,,Aug,2016,Credito,Sin Segmento,61
0.36197761,,Aug,2016,Credito,Sin Segmento,37
0.324240671,,Aug,2016,Credito,Sin Segmento,85
0.323858367,,Aug,2016,Credito,Sin Segmento,136
0.13796096,,Aug,2016,Credito,Sin Segmento,14
0.411528346,,Aug,2016,Credito,Sin Segmento,26
0.301044318,,Aug,2016,Credito,Sin Segmento,26
0.202782083,,Aug,2016,Credito,Citibanamex1,3645
0.248359977,,Aug,2016,Credito,Priority,312
0.230074866,,Aug,2016,Credito,Priority,301
0.185452037,,Aug,2016,Credito,Citibanamex1,3090
0.165761934,,Aug,2016,Credito,CPC,29
0.202470704,,Aug,2016,Credito,CitiGold 1,215
0.197440828,,Aug,2016,Credito,CitiGold 2,257
0.224439879,,Aug,2016,Credito,Priority,81
0.228277831,,Aug,2016,Credito,Citibanamex1,778
0.365429489,,Aug,2016,Credito,Ingresos Bajos - Adultos,2376
0.31303854,,Aug,2016,Credito,Ingresos Bajos - Jovenes,1457
0.314723962,,Aug,2016,Credito,Ingresos Marginales,552
0.297806331,,Aug,2016,Credito,Ingresos Marginales Nomina,289
0.329921,,Aug,2016,Credito,Ingresos Medios - Adultos,7317
0.296137106,,Aug,2016,Credito,Ingresos Medios - Jovenes,1619
0.238659144,,Aug,2016,Credito,Jovenes Profesionistas,1980
0.369904259,,Aug,2016,Credito,Jubilados No Nomina,1200
0.329550051,,Aug,2016,Credito,Jubilados Nomina,664
0.274572267,,Aug,2016,Credito,PyME PFAE,744
0.188509383,,Aug,2016,Credito,Sin Segmento,118
,0.136707723,Aug,2016,Debito,Sin Segmento,153
,0.170216724,Aug,2016,Debito,Sin Segmento,24
,0.136727331,Aug,2016,Debito,Sin Segmento,227
,0.132782626,Aug,2016,Debito,Sin Segmento,21
,0.071428571,Aug,2016,Debito,Sin Segmento,1
,0.088888889,Aug,2016,Debito,Sin Segmento,3
,0.048057136,Aug,2016,Debito,Sin Segmento,16
,0.085156541,Aug,2016,Debito,Sin Segmento,78
,0.061831161,Aug,2016,Debito,Sin Segmento,38
,0.098945259,Aug,2016,Debito,Sin Segmento,217
,0.091364126,Aug,2016,Debito,Sin Segmento,123
,0.200436993,Aug,2016,Debito,Sin Segmento,18
,0.137884786,Aug,2016,Debito,Sin Segmento,43
,0.103699028,Aug,2016,Debito,Sin Segmento,87
,0.111060036,Aug,2016,Debito,Sin Segmento,114
,0.092461657,Aug,2016,Debito,Sin Segmento,64
,0.077566997,Aug,2016,Debito,Sin Segmento,34
,0.068936176,Aug,2016,Debito,Sin Segmento,14
,0.080562625,Aug,2016,Debito,Citibanamex1,1176
,0.129395268,Aug,2016,Debito,Priority,212
,0.138949891,Aug,2016,Debito,Priority,150
,0.075000585,Aug,2016,Debito,Citibanamex1,880
,0.100943898,Aug,2016,Debito,CPC,6
,0.131426504,Aug,2016,Debito,CitiGold 1,43
,0.118305389,Aug,2016,Debito,CitiGold 2,72
,0.153654532,Aug,2016,Debito,Priority,33
,0.081573174,Aug,2016,Debito,Citibanamex1,172
,0.130119985,Aug,2016,Debito,Ingresos Bajos - Adultos,2087
,0.113611812,Aug,2016,Debito,Ingresos Bajos - Jovenes,1702
,0.15396829,Aug,2016,Debito,Ingresos Marginales,577
,0.141312801,Aug,2016,Debito,Ingresos Marginales Nomina,1377
,0.103221778,Aug,2016,Debito,Ingresos Medios - Adultos,4161
,0.094819758,Aug,2016,Debito,Ingresos Medios - Jovenes,869
,0.091073362,Aug,2016,Debito,Jovenes Profesionistas,2357
,0.175342359,Aug,2016,Debito,Jubilados No Nomina,517
,0.183503129,Aug,2016,Debito,Jubilados Nomina,1280
,0.069379705,Aug,2016,Debito,PyME PFAE,241
,0.191036178,Aug,2016,Debito,Sin Segmento,33
0.17945217,,Aug,2017,Credito,Sin Segmento,1168
0.104441835,,Aug,2017,Credito,CPC,24
0.180107301,,Aug,2017,Credito,Citibanamex1,7877
0.132866243,,Aug,2017,Credito,CitiGold 1,260
0.184029835,,Aug,2017,Credito,CitiGold 2,273
0.338518593,,Aug,2017,Credito,Ingresos Bajos - Adultos,2674
0.281919382,,Aug,2017,Credito,Ingresos Bajos - Jovenes,1811
0.311406839,,Aug,2017,Credito,Ingresos Marginales,441
0.277482457,,Aug,2017,Credito,Ingresos Marginales Nomina,242
0.284116431,,Aug,2017,Credito,Ingresos Medios - Adultos,9101
0.268981464,,Aug,2017,Credito,Ingresos Medios - Jovenes,1807
0.235236846,,Aug,2017,Credito,Jovenes Profesionistas,2327
0.338778116,,Aug,2017,Credito,Jubilados No Nomina,1264
0.315364233,,Aug,2017,Credito,Jubilados Nomina,747
0.188561443,,Aug,2017,Credito,Priority,1512
0.239095157,,Aug,2017,Credito,PyME PFAE,910
,0.221028605,Aug,2017,Debito,Sin Segmento,346
,0.062295482,Aug,2017,Debito,CPC,5
,0.103544445,Aug,2017,Debito,Citibanamex1,1548
,0.133668273,Aug,2017,Debito,CitiGold 1,65
,0.142725902,Aug,2017,Debito,CitiGold 2,56
,0.131453812,Aug,2017,Debito,Ingresos Bajos - Adultos,1809
,0.11238539,Aug,2017,Debito,Ingresos Bajos - Jovenes,1870
,0.153334281,Aug,2017,Debito,Ingresos Marginales,446
,0.140752345,Aug,2017,Debito,Ingresos Marginales Nomina,1154
,0.100058969,Aug,2017,Debito,Ingresos Medios - Adultos,3985
,0.095074096,Aug,2017,Debito,Ingresos Medios - Jovenes,1050
,0.092003271,Aug,2017,Debito,Jovenes Profesionistas,2371
,0.155636632,Aug,2017,Debito,Jubilados No Nomina,383
,0.183944592,Aug,2017,Debito,Jubilados Nomina,1059
,0.116077096,Aug,2017,Debito,Priority,565
,0.083800596,Aug,2017,Debito,PyME PFAE,264
0.18862713,,Sep,2016,Credito,Sin Segmento,1053
0.22404997,,Sep,2016,Credito,Priority,498
0.201252109,,Sep,2016,Credito,Citibanamex1,5885
0.12615441,,Sep,2016,Credito,CPC,35
0.194017207,,Sep,2016,Credito,CitiGold 1,176
0.195400829,,Sep,2016,Credito,CitiGold 2,196
0.379933811,,Sep,2016,Credito,Ingresos Bajos - Adultos,2155
0.300804405,,Sep,2016,Credito,Ingresos Bajos - Jovenes,1324
0.350444073,,Sep,2016,Credito,Ingresos Marginales,468
0.294591582,,Sep,2016,Credito,Ingresos Marginales Nomina,230
0.338377222,,Sep,2016,Credito,Ingresos Medios - Adultos,6196
0.280610828,,Sep,2016,Credito,Ingresos Medios - Jovenes,1346
0.246872433,,Sep,2016,Credito,Jovenes Profesionistas,1574
0.36503048,,Sep,2016,Credito,Jubilados No Nomina,1043
0.327914512,,Sep,2016,Credito,Jubilados Nomina,587
0.251481289,,Sep,2016,Credito,PyME PFAE,640
,0.1431451,Sep,2016,Debito,Sin Segmento,255
,0.141667399,Sep,2016,Debito,Priority,254
,0.085616471,Sep,2016,Debito,Citibanamex1,1562
,0.050657895,Sep,2016,Debito,CPC,4
,0.125221003,Sep,2016,Debito,CitiGold 1,48
,0.106131208,Sep,2016,Debito,CitiGold 2,56
,0.133027549,Sep,2016,Debito,Ingresos Bajos - Adultos,1752
,0.110968012,Sep,2016,Debito,Ingresos Bajos - Jovenes,1422
,0.173784595,Sep,2016,Debito,Ingresos Marginales,418
,0.140381477,Sep,2016,Debito,Ingresos Marginales Nomina,1106
,0.109538386,Sep,2016,Debito,Ingresos Medios - Adultos,3300
,0.100486527,Sep,2016,Debito,Ingresos Medios - Jovenes,724
,0.095228926,Sep,2016,Debito,Jovenes Profesionistas,1901
,0.176300304,Sep,2016,Debito,Jubilados No Nomina,362
,0.182974611,Sep,2016,Debito,Jubilados Nomina,996
,0.075041891,Sep,2016,Debito,PyME PFAE,197
0.177811786,,Oct,2016,Credito,Sin Segmento,1122
0.222484334,,Oct,2016,Credito,Priority,547
0.199604348,,Oct,2016,Credito,Citibanamex1,5868
0.115406955,,Oct,2016,Credito,CPC,36
0.199150856,,Oct,2016,Credito,CitiGold 1,204
0.205569889,,Oct,2016,Credito,CitiGold 2,254
0.377574133,,Oct,2016,Credito,Ingresos Bajos - Adultos,2135
0.310538976,,Oct,2016,Credito,Ingresos Bajos - Jovenes,1288
0.365303887,,Oct,2016,Credito,Ingresos Marginales,533
0.298868436,,Oct,2016,Credito,Ingresos Marginales Nomina,261
0.334991746,,Oct,2016,Credito,Ingresos Medios - Adultos,6197
0.291988676,,Oct,2016,Credito,Ingresos Medios - Jovenes,1309
0.240850194,,Oct,2016,Credito,Jovenes Profesionistas,1600
0.359056419,,Oct,2016,Credito,Jubilados No Nomina,1014
0.355301406,,Oct,2016,Credito,Jubilados Nomina,565
0.290356684,,Oct,2016,Credito,PyME PFAE,613
,0.170120352,Oct,2016,Debito,Sin Segmento,240
,0.130591683,Oct,2016,Debito,Priority,241
,0.094473982,Oct,2016,Debito,Citibanamex1,1283
,0.184268707,Oct,2016,Debito,CPC,4
,0.106791715,Oct,2016,Debito,CitiGold 1,31
,0.13073786,Oct,2016,Debito,CitiGold 2,53
,0.146938115,Oct,2016,Debito,Ingresos Bajos - Adultos,1354
,0.115276694,Oct,2016,Debito,Ingresos Bajos - Jovenes,1122
,0.163949708,Oct,2016,Debito,Ingresos Marginales,335
,0.158294687,Oct,2016,Debito,Ingresos Marginales Nomina,837
,0.118127726,Oct,2016,Debito,Ingresos Medios - Adultos,2525
,0.104128279,Oct,2016,Debito,Ingresos Medios - Jovenes,539
,0.102064379,Oct,2016,Debito,Jovenes Profesionistas,1582
,0.183393078,Oct,2016,Debito,Jubilados No Nomina,325
,0.215087868,Oct,2016,Debito,Jubilados Nomina,897
,0.09565477,Oct,2016,Debito,PyME PFAE,193
0.169396761,,Nov,2016,Credito,Sin Segmento,1202
0.201999318,,Nov,2016,Credito,Priority,676
0.182843047,,Nov,2016,Credito,Citibanamex1,7030
0.174162281,,Nov,2016,Credito,CPC,29
0.20228745,,Nov,2016,Credito,CitiGold 1,247
0.184361369,,Nov,2016,Credito,CitiGold 2,241
0.365014596,,Nov,2016,Credito,Ingresos Bajos - Adultos,2446
0.310755784,,Nov,2016,Credito,Ingresos Bajos - Jovenes,1532
0.330112771,,Nov,2016,Credito,Ingresos Marginales,628
0.300664267,,Nov,2016,Credito,Ingresos Marginales Nomina,305
0.319786476,,Nov,2016,Credito,Ingresos Medios - Adultos,7386
0.269693777,,Nov,2016,Credito,Ingresos Medios - Jovenes,1608
0.230145043,,Nov,2016,Credito,Jovenes Profesionistas,2094
0.332834079,,Nov,2016,Credito,Jubilados No Nomina,1198
0.320307435,,Nov,2016,Credito,Jubilados Nomina,697
0.247545194,,Nov,2016,Credito,PyME PFAE,782
,0.15903282,Nov,2016,Debito,Sin Segmento,272
,0.164392095,Nov,2016,Debito,Priority,255
,0.096082204,Nov,2016,Debito,Citibanamex1,1213
,0.127777778,Nov,2016,Debito,CPC,3
,0.104179423,Nov,2016,Debito,CitiGold 1,33
,0.103702808,Nov,2016,Debito,CitiGold 2,35
,0.137075274,Nov,2016,Debito,Ingresos Bajos - Adultos,1402
,0.107975986,Nov,2016,Debito,Ingresos Bajos - Jovenes,1271
,0.158451859,Nov,2016,Debito,Ingresos Marginales,414
,0.146301974,Nov,2016,Debito,Ingresos Marginales Nomina,969
,0.113943943,Nov,2016,Debito,Ingresos Medios - Adultos,2495
,0.09766953,Nov,2016,Debito,Ingresos Medios - Jovenes,660
,0.099508713,Nov,2016,Debito,Jovenes Profesionistas,1690
,0.188035408,Nov,2016,Debito,Jubilados No Nomina,354
,0.171664525,Nov,2016,Debito,Jubilados Nomina,921
,0.087498054,Nov,2016,Debito,PyME PFAE,196
0.175113475,,Dec,2016,Credito,Sin Segmento,1280
0.217537432,,Dec,2016,Credito,Priority,723
0.190818998,,Dec,2016,Credito,Citibanamex1,7304
0.110077645,,Dec,2016,Credito,CPC,33
0.172899327,,Dec,2016,Credito,CitiGold 1,248
0.199982775,,Dec,2016,Credito,CitiGold 2,251
0.407166912,,Dec,2016,Credito,Ingresos Bajos - Adultos,3184
0.348223444,,Dec,2016,Credito,Ingresos Bajos - Jovenes,2187
0.359688307,,Dec,2016,Credito,Ingresos Marginales,818
0.334708716,,Dec,2016,Credito,Ingresos Marginales Nomina,413
0.34212709,,Dec,2016,Credito,Ingresos Medios - Adultos,8405
0.301197916,,Dec,2016,Credito,Ingresos Medios - Jovenes,1947
0.250561894,,Dec,2016,Credito,Jovenes Profesionistas,2766
0.361793254,,Dec,2016,Credito,Jubilados No Nomina,1317
0.337829227,,Dec,2016,Credito,Jubilados Nomina,806
0.271622391,,Dec,2016,Credito,PyME PFAE,858
,0.157094185,Dec,2016,Debito,Sin Segmento,286
,0.165714613,Dec,2016,Debito,Priority,216
,0.082841256,Dec,2016,Debito,Citibanamex1,1308
,0.05,Dec,2016,Debito,CPC,1
,0.122188092,Dec,2016,Debito,CitiGold 1,32
,0.137521495,Dec,2016,Debito,CitiGold 2,47
,0.124928881,Dec,2016,Debito,Ingresos Bajos - Adultos,1610
,0.103677306,Dec,2016,Debito,Ingresos Bajos - Jovenes,1520
,0.144877611,Dec,2016,Debito,Ingresos Marginales,486
,0.116990127,Dec,2016,Debito,Ingresos Marginales Nomina,1253
,0.106316016,Dec,2016,Debito,Ingresos Medios - Adultos,2795
,0.091265858,Dec,2016,Debito,Ingresos Medios - Jovenes,743
,0.082433811,Dec,2016,Debito,Jovenes Profesionistas,1849
,0.186491448,Dec,2016,Debito,Jubilados No Nomina,369
,0.200272155,Dec,2016,Debito,Jubilados Nomina,926
,0.082723719,Dec,2016,Debito,PyME PFAE,177
